{
  "all": {
    "FairVGNN+pokec_n": [
      {
        "raw_graph": {
          "echo_chamber": {
            "edges_total": 517047,
            "intra_edges": 235792,
            "inter_edges": 281255,
            "p_intra_sens": 0.456036,
            "ei_index_sens": 0.087928,
            "assort_sens": -0.088138,
            "assort_label": 0.06923,
            "p_intra_label": 0.611761,
            "assort_yhat": 0.204257,
            "p_intra_yhat": 0.9906
          }
        },
        "model_performance": {
          "ACC": 0.714586,
          "AUCROC": 0.588329,
          "F1": 0.837755,
          "ACC_sens0": 0.693666,
          "AUCROC_sens0": 0.589532,
          "ACC_sens1": 0.822333,
          "AUCROC_sens1": 0.727063
        },
        "model_fairness": {
          "SP": 0.365431,
          "EO": 0.833821,
          "fpr_gap": 0.009287,
          "auc_gap": 0.009882,
          "decision_polarization": 0.006429
        },
        "pre_exposure": {
          "echo_chamber": {
            "edges_total": 1131628,
            "intra_edges": 618740,
            "inter_edges": 512888,
            "p_intra_sens": 0.54677,
            "ei_index_sens": -0.09354,
            "assort_sens": 0.093227,
            "assort_label": 0.03381,
            "p_intra_label": 0.593142,
            "assort_yhat": 0.857043,
            "p_intra_yhat": 0.995842
          },
          "opinion_polarization": {
            "prob_mean": 0.673061,
            "prob_var": 0.006769,
            "extreme_frac_0.1": 0.005423,
            "extreme_frac_0.2": 0.069792,
            "group_mean_gap": 0.002475,
            "js_div_prob_by_sens": 0.002174
          }
        },
        "post_exposure": {
          "recommendation_quality": {
            "ACC_rec": 0.67281,
            "F1_rec": 0.799691,
            "AUCROC_rec": 0.487915,
            "ACC_rec_sens0": 0.649663,
            "AUCROC_rec_sens0": 0.486439,
            "ACC_rec_sens1": 0.717157,
            "AUCROC_rec_sens1": 0.488957,
            "NDCG@10": 0.868111,
            "AUCROC_exposure": 0.498161,
            "AUCROC_exposure_sens0": 0.487434,
            "AUCROC_exposure_sens1": 0.497345,
            "exposure_ytrue_correlation": 0.016513,
            "exposure_ytrue_pvalue": 2e-05
          },
          "recommendation_fairness": {
            "SP_rec": 0.011532,
            "EO_rec": 0.013259,
            "Exposure_sens0": 0.506858,
            "Exposure_sens1": 0.493142,
            "Exposure_Disparity": 0.013715,
            "Bias_Amplification": -0.011537
          },
          "echo_chamber": {
            "edges_total": 332845,
            "intra_edges": 184317,
            "inter_edges": 148528,
            "p_intra_sens": 0.553762,
            "ei_index_sens": -0.107525,
            "assort_sens": 0.107277,
            "assort_label": 0.036804,
            "p_intra_label": 0.593943,
            "assort_yhat": -0.014134,
            "p_intra_yhat": 0.972125
          },
          "opinion_polarization": {
            "prob_mean": 0.970601,
            "prob_var": 0.028534,
            "extreme_frac_0.1": 1.0,
            "extreme_frac_0.2": 1.0,
            "group_mean_gap": 0.011532,
            "js_div_prob_by_sens": 0.00085
          }
        },
        "validation": {
          "val_SP": 0.038673,
          "val_EO": 0.033273,
          "val_loss": -0.691624
        },
        "metadata": {
          "time": 2398.468983,
          "parameter": {
            "top_k": 5,
            "alpha": 0.5
          }
        }
      }
    ]
  },
  "best": {
    "FairVGNN+pokec_n": {
      "raw_graph": {
        "echo_chamber": {
          "edges_total": 517047,
          "intra_edges": 235792,
          "inter_edges": 281255,
          "p_intra_sens": 0.456036,
          "ei_index_sens": 0.087928,
          "assort_sens": -0.088138,
          "assort_label": 0.06923,
          "p_intra_label": 0.611761,
          "assort_yhat": 0.204257,
          "p_intra_yhat": 0.9906
        }
      },
      "model_performance": {
        "ACC": 0.694586,
        "AUCROC": 0.568329,
        "F1": 0.817755,
        "ACC_sens0": 0.673666,
        "AUCROC_sens0": 0.569532,
        "ACC_sens1": 0.802333,
        "AUCROC_sens1": 0.717063
      },
      "model_fairness": {
        "SP": 0.565431,
        "EO": 0.833821,
        "fpr_gap": 0.009287,
        "auc_gap": 0.009882,
        "decision_polarization": 0.006429
      },
      "pre_exposure": {
        "echo_chamber": {
          "edges_total": 1131628,
          "intra_edges": 618740,
          "inter_edges": 512888,
          "p_intra_sens": 0.54677,
          "ei_index_sens": -0.09354,
          "assort_sens": 0.093227,
          "assort_label": 0.03381,
          "p_intra_label": 0.593142,
          "assort_yhat": 0.857043,
          "p_intra_yhat": 0.995842
        },
        "opinion_polarization": {
          "prob_mean": 0.673061,
          "prob_var": 0.006769,
          "extreme_frac_0.1": 0.005423,
          "extreme_frac_0.2": 0.069792,
          "group_mean_gap": 0.002475,
          "js_div_prob_by_sens": 0.002174
        }
      },
      "post_exposure": {
        "recommendation_quality": {
          "ACC_rec": 0.68281,
          "F1_rec": 0.809691,
          "AUCROC_rec": 0.497915,
          "ACC_rec_sens0": 0.659663,
          "AUCROC_rec_sens0": 0.496439,
          "ACC_rec_sens1": 0.707157,
          "AUCROC_rec_sens1": 0.498957,
          "NDCG@10": 0.868111,
          "AUCROC_exposure": 0.508161,
          "AUCROC_exposure_sens0": 0.507434,
          "AUCROC_exposure_sens1": 0.507345,
          "exposure_ytrue_correlation": 0.016513,
          "exposure_ytrue_pvalue": 2e-05
        },
        "recommendation_fairness": {
          "SP_rec": 0.011532,
          "EO_rec": 0.013259,
          "Exposure_sens0": 0.506858,
          "Exposure_sens1": 0.493142,
          "Exposure_Disparity": 0.013715,
          "Bias_Amplification": -0.011537
        },
        "echo_chamber": {
          "edges_total": 332845,
          "intra_edges": 184317,
          "inter_edges": 148528,
          "p_intra_sens": 0.553762,
          "ei_index_sens": -0.107525,
          "assort_sens": 0.107277,
          "assort_label": 0.036804,
          "p_intra_label": 0.593943,
          "assort_yhat": -0.014134,
          "p_intra_yhat": 0.972125
        },
        "opinion_polarization": {
          "prob_mean": 0.970601,
          "prob_var": 0.028534,
          "extreme_frac_0.1": 1.0,
          "extreme_frac_0.2": 1.0,
          "group_mean_gap": 0.011532,
          "js_div_prob_by_sens": 0.00085
        }
      },
      "validation": {
        "val_SP": 0.038673,
        "val_EO": 0.033273,
        "val_loss": -0.691624
      },
      "metadata": {
        "time": 2398.468983,
        "parameter": {
          "top_k": 5,
          "alpha": 0.5
        }
      }
    }
  }

}
