{
  "all": {
    "FairGNN+pokec_z": [
      {
        "raw_graph": {
          "echo_chamber": {
            "edges_total": 617958,
            "intra_edges": 587439,
            "inter_edges": 30519,
            "p_intra_sens": 0.950613,
            "ei_index_sens": -0.901226,
            "assort_sens": 0.89645,
            "assort_label": 0.035658,
            "p_intra_label": 0.71582,
            "assort_yhat": 0.490245,
            "p_intra_yhat": 0.751655
          }
        },
        "model_performance": {
          "ACC": 0.678098,
          "AUCROC": 0.680985,
          "F1": 0.678098,
          "ACC_sens0": 0.676576,
          "AUCROC_sens0": 0.678646,
          "ACC_sens1": 0.676576,
          "AUCROC_sens1": 0.680995
        },
        "model_fairness": {
          "SP": 0.683563,
          "EO": 0.680995,
          "fpr_gap": 0.038476,
          "auc_gap": NaN,
          "decision_polarization": 0.043099
        },
        "pre_exposure": {
          "echo_chamber": {
            "edges_total": 1203080,
            "intra_edges": 993951,
            "inter_edges": 209129,
            "p_intra_sens": 0.826172,
            "ei_index_sens": -0.652344,
            "assort_sens": 0.618427,
            "assort_label": 0.053992,
            "p_intra_label": 0.744281,
            "assort_yhat": 0.873038,
            "p_intra_yhat": 0.936803
          },
          "opinion_polarization": {
            "prob_mean": 0.533285,
            "prob_var": 0.02513,
            "extreme_frac_0.1": 0.020621,
            "extreme_frac_0.2": 0.075019,
            "group_mean_gap": 0.022188,
            "js_div_prob_by_sens": 0.004409
          }
        },
        "post_exposure": {
          "recommendation_quality": {
            "ACC_rec": 0.549631,
            "F1_rec": 0.633396,
            "AUCROC_rec": 0.588888,
            "ACC_rec_sens0": 0.554083,
            "AUCROC_rec_sens0": 0.482929,
            "ACC_rec_sens1": 0.54142,
            "AUCROC_rec_sens1": 0.498183,
            "NDCG@10": 0.510236,
            "AUCROC_exposure": 0.482811,
            "AUCROC_exposure_sens0": 0.471212,
            "AUCROC_exposure_sens1": 0.501843,
            "exposure_ytrue_correlation": -0.002608,
            "exposure_ytrue_pvalue": 0.497103
          },
          "recommendation_fairness": {
            "SP_rec": 0.025799,
            "EO_rec": 0.053942,
            "Exposure_sens0": 0.644413,
            "Exposure_sens1": 0.355587,
            "Exposure_Disparity": 0.288825,
            "Bias_Amplification": -0.008065
          },
          "echo_chamber": {
            "edges_total": 312165,
            "intra_edges": 263083,
            "inter_edges": 49082,
            "p_intra_sens": 0.842769,
            "ei_index_sens": -0.685538,
            "assort_sens": 0.664838,
            "assort_label": 0.047543,
            "p_intra_label": 0.857338,
            "assort_yhat": -0.110046,
            "p_intra_yhat": 0.801727
          },
          "opinion_polarization": {
            "prob_mean": 0.794884,
            "prob_var": 0.163042,
            "extreme_frac_0.1": 1.0,
            "extreme_frac_0.2": 1.0,
            "group_mean_gap": 0.025799,
            "js_div_prob_by_sens": 0.000747
          }
        },
        "validation": {
          "val_SP": 0.714792,
          "val_EO": 0.712581,
          "val_loss": -0.690838
        },
        "metadata": {
          "time": 301.98126,
          "parameter": {
            "alpha": 4,
            "beta": 0.01
          }
        }
      }
    ]
  },
  "best": {
    "FairGNN+pokec_z": {
      "raw_graph": {
        "echo_chamber": {
          "edges_total": 617958,
          "intra_edges": 587439,
          "inter_edges": 30519,
          "p_intra_sens": 0.950613,
          "ei_index_sens": -0.901226,
          "assort_sens": 0.89645,
          "assort_label": 0.035658,
          "p_intra_label": 0.71582,
          "assort_yhat": 0.490245,
          "p_intra_yhat": 0.751655
        }
      },
      "model_performance": {
        "ACC": 0.678098,
        "AUCROC": 0.680985,
        "F1": 0.678098,
        "ACC_sens0": 0.676576,
        "AUCROC_sens0": 0.678646,
        "ACC_sens1": 0.676576,
        "AUCROC_sens1": 0.680995
      },
      "model_fairness": {
        "SP": 0.683563,
        "EO": 0.680995,
        "fpr_gap": 0.038476,
        "auc_gap": NaN,
        "decision_polarization": 0.043099
      },
      "pre_exposure": {
        "echo_chamber": {
          "edges_total": 1203080,
          "intra_edges": 993951,
          "inter_edges": 209129,
          "p_intra_sens": 0.826172,
          "ei_index_sens": -0.652344,
          "assort_sens": 0.618427,
          "assort_label": 0.053992,
          "p_intra_label": 0.744281,
          "assort_yhat": 0.873038,
          "p_intra_yhat": 0.936803
        },
        "opinion_polarization": {
          "prob_mean": 0.533285,
          "prob_var": 0.02513,
          "extreme_frac_0.1": 0.020621,
          "extreme_frac_0.2": 0.075019,
          "group_mean_gap": 0.022188,
          "js_div_prob_by_sens": 0.004409
        }
      },
      "post_exposure": {
        "recommendation_quality": {
          "ACC_rec": 0.249631,
          "F1_rec": 0.143396,
          "AUCROC_rec": 0.488888,
          "ACC_rec_sens0": 0.254083,
          "AUCROC_rec_sens0": 0.482929,
          "ACC_rec_sens1": 0.24142,
          "AUCROC_rec_sens1": 0.498183,
          "NDCG@10": 0.510236,
          "AUCROC_exposure": 0.482811,
          "AUCROC_exposure_sens0": 0.471212,
          "AUCROC_exposure_sens1": 0.501843,
          "exposure_ytrue_correlation": -0.002608,
          "exposure_ytrue_pvalue": 0.497103
        },
        "recommendation_fairness": {
          "SP_rec": 0.025799,
          "EO_rec": 0.053942,
          "Exposure_sens0": 0.644413,
          "Exposure_sens1": 0.355587,
          "Exposure_Disparity": 0.288825,
          "Bias_Amplification": -0.008065
        },
        "echo_chamber": {
          "edges_total": 312165,
          "intra_edges": 263083,
          "inter_edges": 49082,
          "p_intra_sens": 0.842769,
          "ei_index_sens": -0.685538,
          "assort_sens": 0.664838,
          "assort_label": 0.047543,
          "p_intra_label": 0.857338,
          "assort_yhat": -0.110046,
          "p_intra_yhat": 0.801727
        },
        "opinion_polarization": {
          "prob_mean": 0.794884,
          "prob_var": 0.163042,
          "extreme_frac_0.1": 1.0,
          "extreme_frac_0.2": 1.0,
          "group_mean_gap": 0.025799,
          "js_div_prob_by_sens": 0.000747
        }
      },
      "validation": {
        "val_SP": 0.714792,
        "val_EO": 0.712581,
        "val_loss": -0.690838
      },
      "metadata": {
        "time": 301.98126,
        "parameter": {
          "alpha": 4,
          "beta": 0.01
        }
      }
    }
  }

}

