{
  "all": {
    "GNN+pokec_z": [
      {
        "raw_graph": {
          "echo_chamber": {
            "edges_total": 617958,
            "intra_edges": 587439,
            "inter_edges": 30519,
            "p_intra_sens": 0.950613,
            "ei_index_sens": -0.901226,
            "assort_sens": 0.89645,
            "assort_label": 0.035658,
            "p_intra_label": 0.71582,
            "assort_yhat": 0.472539,
            "p_intra_yhat": 0.737995
          }
        },
        "model_performance": {
          "ACC": 0.639914,
          "AUCROC": 0.672562,
          "F1": 0.669914,
          "ACC_sens0": 0.661712,
          "AUCROC_sens0": 0.663638,
          "ACC_sens1": 0.661712,
          "AUCROC_sens1": 0.68552
        },
        "model_fairness": {
          "SP": 0.687865,
          "EO": 0.68552,
          "fpr_gap": 0.015075,
          "auc_gap": NaN,
          "decision_polarization": 0.020226
        },
        "pre_exposure": {
          "echo_chamber": {
            "edges_total": 804447,
            "intra_edges": 448866,
            "inter_edges": 355581,
            "p_intra_sens": 0.557981,
            "ei_index_sens": -0.115962,
            "assort_sens": 0.02948,
            "assort_label": 0.037403,
            "p_intra_label": 0.742419,
            "assort_yhat": 0.947088,
            "p_intra_yhat": 0.974558
          },
          "opinion_polarization": {
            "prob_mean": 0.557056,
            "prob_var": 0.023509,
            "extreme_frac_0.1": 0.019662,
            "extreme_frac_0.2": 0.079061,
            "group_mean_gap": 0.011727,
            "js_div_prob_by_sens": 0.001929
          }
        },
        "post_exposure": {
          "recommendation_quality": {
            "ACC_rec": 0.482527,
            "F1_rec": 0.440202,
            "AUCROC_rec": 0.600696,
            "ACC_rec_sens0": 0.480228,
            "AUCROC_rec_sens0": 0.600842,
            "ACC_rec_sens1": 0.486767,
            "AUCROC_rec_sens1": 0.600413,
            "NDCG@10": 0.505416,
            "AUCROC_exposure": 0.505331,
            "AUCROC_exposure_sens0": 0.503823,
            "AUCROC_exposure_sens1": 0.507903,
            "exposure_ytrue_correlation": 0.355452,
            "exposure_ytrue_pvalue": 0.155751
          },
          "recommendation_fairness": {
            "SP_rec": 0.001087,
            "EO_rec": 0.00029,
            "Exposure_sens0": 0.648636,
            "Exposure_sens1": 0.351364,
            "Exposure_Disparity": 0.297271,
            "Bias_Amplification": 0.000381
          },
          "echo_chamber": {
            "edges_total": 337328,
            "intra_edges": 187724,
            "inter_edges": 149604,
            "p_intra_sens": 0.556503,
            "ei_index_sens": -0.113006,
            "assort_sens": 0.028345,
            "assort_label": 0.023667,
            "p_intra_label": 0.853914,
            "assort_yhat": -0.000193,
            "p_intra_yhat": 0.999615
          },
          "opinion_polarization": {
            "prob_mean": 0.998539,
            "prob_var": 0.001458,
            "extreme_frac_0.1": 1.0,
            "extreme_frac_0.2": 1.0,
            "group_mean_gap": 0.001087,
            "js_div_prob_by_sens": 0.00017
          }
        },
        "validation": {
          "val_SP": 0.703778,
          "val_EO": 0.701735,
          "val_loss": 0.603627
        },
        "metadata": {
          "time": 228.321448,
          "parameter": {
            "num_hidden": 4,
            "num_proj_hidden": 16
          }
        }
      }
    ]
  },
  "best": {
    "GNN+pokec_z": {
      "raw_graph": {
        "echo_chamber": {
          "edges_total": 617958,
          "intra_edges": 587439,
          "inter_edges": 30519,
          "p_intra_sens": 0.950613,
          "ei_index_sens": -0.901226,
          "assort_sens": 0.89645,
          "assort_label": 0.035658,
          "p_intra_label": 0.71582,
          "assort_yhat": 0.472539,
          "p_intra_yhat": 0.737995
        }
      },
      "model_performance": {
        "ACC": 0.669914,
        "AUCROC": 0.672562,
        "F1": 0.669914,
        "ACC_sens0": 0.661712,
        "AUCROC_sens0": 0.663638,
        "ACC_sens1": 0.661712,
        "AUCROC_sens1": 0.68552
      },
      "model_fairness": {
        "SP": 0.687865,
        "EO": 0.68552,
        "fpr_gap": 0.015075,
        "auc_gap": NaN,
        "decision_polarization": 0.020226
      },
      "pre_exposure": {
        "echo_chamber": {
          "edges_total": 804447,
          "intra_edges": 448866,
          "inter_edges": 355581,
          "p_intra_sens": 0.557981,
          "ei_index_sens": -0.115962,
          "assort_sens": 0.02948,
          "assort_label": 0.037403,
          "p_intra_label": 0.742419,
          "assort_yhat": 0.947088,
          "p_intra_yhat": 0.974558
        },
        "opinion_polarization": {
          "prob_mean": 0.557056,
          "prob_var": 0.023509,
          "extreme_frac_0.1": 0.019662,
          "extreme_frac_0.2": 0.079061,
          "group_mean_gap": 0.011727,
          "js_div_prob_by_sens": 0.001929
        }
      },
      "post_exposure": {
        "recommendation_quality": {
          "ACC_rec": 0.082527,
          "F1_rec": 0.150202,
          "AUCROC_rec": 0.500696,
          "ACC_rec_sens0": 0.080228,
          "AUCROC_rec_sens0": 0.500842,
          "ACC_rec_sens1": 0.086767,
          "AUCROC_rec_sens1": 0.500413,
          "NDCG@10": 0.505416,
          "AUCROC_exposure": 0.505331,
          "AUCROC_exposure_sens0": 0.503823,
          "AUCROC_exposure_sens1": 0.507903,
          "exposure_ytrue_correlation": 0.005452,
          "exposure_ytrue_pvalue": 0.155751
        },
        "recommendation_fairness": {
          "SP_rec": 0.001087,
          "EO_rec": 0.00029,
          "Exposure_sens0": 0.648636,
          "Exposure_sens1": 0.351364,
          "Exposure_Disparity": 0.297271,
          "Bias_Amplification": 0.000381
        },
        "echo_chamber": {
          "edges_total": 337328,
          "intra_edges": 187724,
          "inter_edges": 149604,
          "p_intra_sens": 0.556503,
          "ei_index_sens": -0.113006,
          "assort_sens": 0.028345,
          "assort_label": 0.023667,
          "p_intra_label": 0.853914,
          "assort_yhat": -0.000193,
          "p_intra_yhat": 0.999615
        },
        "opinion_polarization": {
          "prob_mean": 0.998539,
          "prob_var": 0.001458,
          "extreme_frac_0.1": 1.0,
          "extreme_frac_0.2": 1.0,
          "group_mean_gap": 0.001087,
          "js_div_prob_by_sens": 0.00017
        }
      },
      "validation": {
        "val_SP": 0.703778,
        "val_EO": 0.701735,
        "val_loss": 0.603627
      },
      "metadata": {
        "time": 228.321448,
        "parameter": {
          "num_hidden": 4,
          "num_proj_hidden": 16
        }
      }
    }
  }

}
