{
  "all": {
    "FairVGNN+pokec_z": [
      {
        "raw_graph": {
          "echo_chamber": {
            "edges_total": 617958,
            "intra_edges": 587439,
            "inter_edges": 30519,
            "p_intra_sens": 0.950613,
            "ei_index_sens": -0.901226,
            "assort_sens": 0.89645,
            "assort_label": 0.035658,
            "p_intra_label": 0.71582,
            "assort_yhat": 0.305565,
            "p_intra_yhat": 0.662472
          }
        },
        "model_performance": {
          "ACC": 0.691076,
          "AUCROC": 0.751533,
          "F1": 0.720003,
          "ACC_sens0": 0.690904,
          "AUCROC_sens0": 0.753628,
          "ACC_sens1": 0.71244,
          "AUCROC_sens1": 0.671403
        },
        "model_fairness": {
          "SP": 0.516781,
          "EO": 0.703461,
          "fpr_gap": 0.015224,
          "auc_gap": NaN,
          "decision_polarization": 0.006098
        },
        "pre_exposure": {
          "echo_chamber": {
            "edges_total": 1135927,
            "intra_edges": 1006409,
            "inter_edges": 129518,
            "p_intra_sens": 0.88598,
            "ei_index_sens": -0.771961,
            "assort_sens": 0.744757,
            "assort_label": 0.050177,
            "p_intra_label": 0.747662,
            "assort_yhat": 0.904182,
            "p_intra_yhat": 0.956907
          },
          "opinion_polarization": {
            "prob_mean": 0.582548,
            "prob_var": 0.039906,
            "extreme_frac_0.1": 0.074606,
            "extreme_frac_0.2": 0.187223,
            "group_mean_gap": 0.006058,
            "js_div_prob_by_sens": 0.001431
          }
        },
        "post_exposure": {
          "recommendation_quality": {
            "ACC_rec": 0.106629,
            "F1_rec": 0.149137,
            "AUCROC_rec": 0.498139,
            "ACC_rec_sens0": 0.100883,
            "AUCROC_rec_sens0": 0.496526,
            "ACC_rec_sens1": 0.117227,
            "AUCROC_rec_sens1": 0.501168,
            "NDCG@10": 0.507851,
            "AUCROC_exposure": 0.480094,
            "AUCROC_exposure_sens0": 0.466988,
            "AUCROC_exposure_sens1": 0.50649,
            "exposure_ytrue_correlation": -0.014818,
            "exposure_ytrue_pvalue": 0.000114
          },
          "recommendation_fairness": {
            "SP_rec": 0.009438,
            "EO_rec": 0.000899,
            "Exposure_sens0": 0.684514,
            "Exposure_sens1": 0.315486,
            "Exposure_Disparity": 0.369028,
            "Bias_Amplification": 0.072137
          },
          "echo_chamber": {
            "edges_total": 325493,
            "intra_edges": 291816,
            "inter_edges": 33677,
            "p_intra_sens": 0.896535,
            "ei_index_sens": -0.793071,
            "assort_sens": 0.771058,
            "assort_label": 0.038812,
            "p_intra_label": 0.859054,
            "assort_yhat": -0.014968,
            "p_intra_yhat": 0.970506
          },
          "opinion_polarization": {
            "prob_mean": 0.968862,
            "prob_var": 0.030168,
            "extreme_frac_0.1": 1.0,
            "extreme_frac_0.2": 1.0,
            "group_mean_gap": 0.009438,
            "js_div_prob_by_sens": 0.000512
          }
        },
        "validation": {
          "val_SP": 0.089617,
          "val_EO": 0.060559,
          "val_loss": -0.643665
        },
        "metadata": {
          "time": 3429.520772,
          "parameter": {
            "top_k": 5,
            "alpha": 0.5
          }
        }
      }
    ]
  },
  "best": {
    "FairVGNN+pokec_z": {
      "raw_graph": {
        "echo_chamber": {
          "edges_total": 617958,
          "intra_edges": 587439,
          "inter_edges": 30519,
          "p_intra_sens": 0.950613,
          "ei_index_sens": -0.901226,
          "assort_sens": 0.89645,
          "assort_label": 0.035658,
          "p_intra_label": 0.71582,
          "assort_yhat": 0.305565,
          "p_intra_yhat": 0.662472
        }
      },
      "model_performance": {
        "ACC": 0.641076,
        "AUCROC": 0.721533,
        "F1": 0.690003,
        "ACC_sens0": 0.640904,
        "AUCROC_sens0": 0.723628,
        "ACC_sens1": 0.68244,
        "AUCROC_sens1": 0.641403
      },
      "model_fairness": {
        "SP": 0.716781,
        "EO": 0.703461,
        "fpr_gap": 0.015224,
        "auc_gap": NaN,
        "decision_polarization": 0.006098
      },
      "pre_exposure": {
        "echo_chamber": {
          "edges_total": 1135927,
          "intra_edges": 1006409,
          "inter_edges": 129518,
          "p_intra_sens": 0.88598,
          "ei_index_sens": -0.771961,
          "assort_sens": 0.744757,
          "assort_label": 0.050177,
          "p_intra_label": 0.747662,
          "assort_yhat": 0.904182,
          "p_intra_yhat": 0.956907
        },
        "opinion_polarization": {
          "prob_mean": 0.582548,
          "prob_var": 0.039906,
          "extreme_frac_0.1": 0.074606,
          "extreme_frac_0.2": 0.187223,
          "group_mean_gap": 0.006058,
          "js_div_prob_by_sens": 0.001431
        }
      },
      "post_exposure": {
        "recommendation_quality": {
          "ACC_rec": 0.106629,
          "F1_rec": 0.149137,
          "AUCROC_rec": 0.498139,
          "ACC_rec_sens0": 0.100883,
          "AUCROC_rec_sens0": 0.496526,
          "ACC_rec_sens1": 0.117227,
          "AUCROC_rec_sens1": 0.501168,
          "NDCG@10": 0.507851,
          "AUCROC_exposure": 0.480094,
          "AUCROC_exposure_sens0": 0.466988,
          "AUCROC_exposure_sens1": 0.50649,
          "exposure_ytrue_correlation": -0.014818,
          "exposure_ytrue_pvalue": 0.000114
        },
        "recommendation_fairness": {
          "SP_rec": 0.009438,
          "EO_rec": 0.000899,
          "Exposure_sens0": 0.684514,
          "Exposure_sens1": 0.315486,
          "Exposure_Disparity": 0.369028,
          "Bias_Amplification": 0.072137
        },
        "echo_chamber": {
          "edges_total": 325493,
          "intra_edges": 291816,
          "inter_edges": 33677,
          "p_intra_sens": 0.896535,
          "ei_index_sens": -0.793071,
          "assort_sens": 0.771058,
          "assort_label": 0.038812,
          "p_intra_label": 0.859054,
          "assort_yhat": -0.014968,
          "p_intra_yhat": 0.970506
        },
        "opinion_polarization": {
          "prob_mean": 0.968862,
          "prob_var": 0.030168,
          "extreme_frac_0.1": 1.0,
          "extreme_frac_0.2": 1.0,
          "group_mean_gap": 0.009438,
          "js_div_prob_by_sens": 0.000512
        }
      },
      "validation": {
        "val_SP": 0.089617,
        "val_EO": 0.060559,
        "val_loss": -0.643665
      },
      "metadata": {
        "time": 3429.520772,
        "parameter": {
          "top_k": 5,
          "alpha": 0.5
        }
      }
    }
  }

}
